"doi","title","authors","year","publication_date","journal_name","publisher","work_type","subjects","source_url","citation_count","source_db","relation","relevance_score","relevance","authors_clean"
"","Plus un geste ! Corps distraits et rythme des images chez Chardin et Chaplin","[{'full_name': 'Hugo Martin', 'given_name': None, 'family_name': None}]","2025","","Images du travail, travail des images","","ART","[]","https://hal.science/hal-05064248v1","","HAL","","0","Needs Review","[{'full_name': 'Hugo Martin', 'given_name': None, 'family_name': None}]"
"","Entre common et commons : penser / dire / imaginer la communauté avec Raymond Williams","[{'full_name': 'Catherine Bernard', 'given_name': None, 'family_name': None}]","2025","","COnTEXTES. Revue de sociologie de la littérature,","","ART","[]","https://hal.science/hal-05003165v1","","HAL","","0","Needs Review","[{'full_name': 'Catherine Bernard', 'given_name': None, 'family_name': None}]"
"","La pulsion anarchiste comme résistance à la destruction de la biosphère","[{'full_name': 'Annie-Charlotte Giust-Ollivier', 'given_name': None, 'family_name': None}, {'full_name': 'Michel J.F. Dubois', 'given_name': None, 'family_name': None}]","2024","","Nouvelle revue de psychosociologie","","ART","[]","https://hal.science/hal-04598768v1","","HAL","","2","Core","[{'full_name': 'Annie-Charlotte Giust-Ollivier', 'given_name': None, 'family_name': None}, {'full_name': 'Michel J.F. Dubois', 'given_name': None, 'family_name': None}]"
"","Antonin Artaud et la philosophie : l'expérience vécue de la pensée","[{'full_name': 'Gigla Gonashvili', 'given_name': None, 'family_name': None}]","2024","","","","THESE","[]","https://theses.hal.science/tel-05168077v1","","HAL","","0","Needs Review","[{'full_name': 'Gigla Gonashvili', 'given_name': None, 'family_name': None}]"
"","Assécher Perec ?' : poétiques du quotidien chez Anne-James Chaton","[{'full_name': 'Anne-Christine Royère', 'given_name': None, 'family_name': None}, {'full_name': 'Gaëlle Theval', 'given_name': None, 'family_name': None}]","2024","","","","COUV","[]","https://hal.science/hal-04597063v1","","HAL","","0","Needs Review","[{'full_name': 'Anne-Christine Royère', 'given_name': None, 'family_name': None}, {'full_name': 'Gaëlle Theval', 'given_name': None, 'family_name': None}]"
"","Anne-Marie Albiach","[{'full_name': 'Serge Linarès', 'given_name': None, 'family_name': None}, {'full_name': 'Anne-Christine Royère', 'given_name': None, 'family_name': None}]","2024","","Europe. Revue littéraire mensuelle","","ISSUE","[]","https://hal.science/hal-04478930v1","","HAL","","0","Needs Review","[{'full_name': 'Serge Linarès', 'given_name': None, 'family_name': None}, {'full_name': 'Anne-Christine Royère', 'given_name': None, 'family_name': None}]"
"","Faire œuvre du quotidien : Enjeux poétiques et politiques de figuration chez Annie Ernaux et Chantal Akerman","[{'full_name': 'Fanny Cardin', 'given_name': None, 'family_name': None}]","2024","","","","THESE","[]","https://hal.science/tel-04974868v1","","HAL","","0","Needs Review","[{'full_name': 'Fanny Cardin', 'given_name': None, 'family_name': None}]"
"","Les Figures de la mort et la création littéraire chez Maurice Blanchot","[{'full_name': 'Tzu-Chun King', 'given_name': None, 'family_name': None}]","2024","","","","THESE","[]","https://theses.hal.science/tel-04551250v1","","HAL","","3","Core","[{'full_name': 'Tzu-Chun King', 'given_name': None, 'family_name': None}]"
"","Le dérobement de la loi : littérature et liberté chez Maurice Blanchot","[{'full_name': 'Amanda Olivares Valencia', 'given_name': None, 'family_name': None}]","2024","","","","THESE","[]","https://theses.hal.science/tel-04552387v1","","HAL","","3","Core","[{'full_name': 'Amanda Olivares Valencia', 'given_name': None, 'family_name': None}]"
"","Entrées de dictionnaire : Album, Barthes (Henriette), Bêtise, Blanchot, Camus (Renaud), Claudel, CNRS, Dialectique, Le Discours amoureux, Dort, Écrits sur le théâtre, Érotisme/Pornographie, Fichier, Fragment, Fragments d’un discours amoureux, Gide, Guyotat, Kristeva, Mallarmé, Objet, Œuvres complètes, Photographes commentés par Barthes, Poésie, Politique, Réception française, Religion, Roman, Romantisme, Sade-Fourier-Loyola, Sarduy, Sartre, Sciences/Techniques, « Soirées de Paris », Wahl","[{'full_name': 'Claude Coste', 'given_name': None, 'family_name': None}]","2024","","","","NOTICE","[]","https://hal.science/hal-04724150v1","","HAL","","3","Core","[{'full_name': 'Claude Coste', 'given_name': None, 'family_name': None}]"
"","Études juives françaises","[{'full_name': 'Justine Brisson', 'given_name': None, 'family_name': None}, {'full_name': 'Maxime Berges', 'given_name': None, 'family_name': None}]","2024","","Acta fabula : Revue des parutions pour les études littéraires","","ISSUE","[]","https://hal.science/hal-04619967v1","","HAL","","0","Needs Review","[{'full_name': 'Justine Brisson', 'given_name': None, 'family_name': None}, {'full_name': 'Maxime Berges', 'given_name': None, 'family_name': None}]"
"","« DES VIES QUI N'ONT PAS EU LIEU » ENTRETIEN AVEC MARCEL COHEN","[{'full_name': 'Maxime Decout', 'given_name': None, 'family_name': None}]","2023","","Europe. Revue littéraire mensuelle","","ART","[]","https://hal.science/hal-03953011v1","","HAL","","0","Needs Review","[{'full_name': 'Maxime Decout', 'given_name': None, 'family_name': None}]"
"","La marionnette contemporaine et l'onirisme : le songe réveille","[{'full_name': 'Maria Luchankina', 'given_name': None, 'family_name': None}]","2023","","","","THESE","[]","https://theses.hal.science/tel-04691951v1","","HAL","","0","Needs Review","[{'full_name': 'Maria Luchankina', 'given_name': None, 'family_name': None}]"
"","L'humanisme du cri : de l'absence de l'humain à l'humain absent dans le malheur et le nihilisme","[{'full_name': 'Mayara Dionizio', 'given_name': None, 'family_name': None}]","2023","","Revista Dialectus - Revista de Filosofia","","ART","[]","https://u-picardie.hal.science/hal-04368579v1","","HAL","","0","Needs Review","[{'full_name': 'Mayara Dionizio', 'given_name': None, 'family_name': None}]"
"","À plusieurs titres : compte-rendu du livre : Maurice Blanchot, Thomas le solitaire, éd. Leslie Hill et Philippe Lynes, Paris, Kimé, coll. « Corpus Blanchot », 2022, 282 p., EAN 9782380720716","[{'full_name': 'Christophe Bident', 'given_name': None, 'family_name': None}]","2023","","","","BLOG","[]","https://u-picardie.hal.science/hal-04436656v1","","HAL","","5","Core","[{'full_name': 'Christophe Bident', 'given_name': None, 'family_name': None}]"
"","Bonnefoy - de Platon à Blanchot et retour","[{'full_name': 'Jérôme de Gramont', 'given_name': None, 'family_name': None}]","2023","","","","COUV","[]","https://hal.science/hal-04624010v1","","HAL","","3","Core","[{'full_name': 'Jérôme de Gramont', 'given_name': None, 'family_name': None}]"
"","Entre soi et le monde : esquisse d’une po/éthique du journal (intime) littéraire. Ricardo Piglia (Los diarios de Emilio Renzi) et Mario Levrero (El discurso vacío) : deux modèles du genre.","[{'full_name': 'Corinne Ferrero', 'given_name': None, 'family_name': None}]","2023","","","","COMM","[]","https://hal.science/hal-04138431v1","","HAL","","0","Needs Review","[{'full_name': 'Corinne Ferrero', 'given_name': None, 'family_name': None}]"
"","La géométrie de l'origine","[{'full_name': 'Nassif Farhat', 'given_name': None, 'family_name': None}]","2022","","ALTRALANG Journal","","ART","[]","https://hal.science/hal-04156727v1","","HAL","","0","Needs Review","[{'full_name': 'Nassif Farhat', 'given_name': None, 'family_name': None}]"
"","Conduite et fondements de l'action organisée. Une mise en perspective pluridisciplinaire autour de James S. Coleman","[{'full_name': 'Fabien Blanchot', 'given_name': None, 'family_name': None}, {'full_name': 'Pierre Maclouf', 'given_name': None, 'family_name': None}]","2022","","","","OUV","[]","https://hal.science/hal-03887048v1","","HAL","","0","Needs Review","[{'full_name': 'Fabien Blanchot', 'given_name': None, 'family_name': None}, {'full_name': 'Pierre Maclouf', 'given_name': None, 'family_name': None}]"
"","Roland Barthes et les petites revues : de la publication à l’exposition","[{'full_name': 'Magali Nachtergael', 'given_name': None, 'family_name': None}]","2022","","La revue des Revues","","ART","[]","https://hal.science/hal-05139608v1","","HAL","","0","Needs Review","[{'full_name': 'Magali Nachtergael', 'given_name': None, 'family_name': None}]"
"","L’image absente Une lecture de L’Amant de Marguerite Duras","[{'full_name': 'Benjamin Joinau', 'given_name': None, 'family_name': None}]","2022","","프랑스어권 문화예술연구 ECAF","","ART","[]","https://hal.science/hal-04343701v1","","HAL","","0","Needs Review","[{'full_name': 'Benjamin Joinau', 'given_name': None, 'family_name': None}]"
"","Théocrite le magicien","[{'full_name': 'Augustin Voegele', 'given_name': None, 'family_name': None}]","2022","","Nonfiction.fr","","ART","[]","https://shs.hal.science/halshs-04267499v1","","HAL","","0","Needs Review","[{'full_name': 'Augustin Voegele', 'given_name': None, 'family_name': None}]"
"","Philosophie des expériences radicales","[{'full_name': 'Stéphane Madelrieux', 'given_name': None, 'family_name': None}]","2022","","","","OUV","[]","https://univ-lyon3.hal.science/hal-03970487v1","","HAL","","0","Needs Review","[{'full_name': 'Stéphane Madelrieux', 'given_name': None, 'family_name': None}]"
"","À qui s’adresse la mise en accusation de Baudelaire ?","[{'full_name': 'Alain Milon', 'given_name': None, 'family_name': None}]","2022","","Romanic Review","","ART","[]","https://hal.parisnanterre.fr/hal-04412437v1","","HAL","","2","Core","[{'full_name': 'Alain Milon', 'given_name': None, 'family_name': None}]"
"","Les préfigurations de la mort comme sujet : le Lazare de Blanchot","[{'full_name': 'Mayara Dionizio', 'given_name': None, 'family_name': None}]","2022","","","","THESE","[]","https://theses.hal.science/tel-04368468v1","","HAL","","3","Core","[{'full_name': 'Mayara Dionizio', 'given_name': None, 'family_name': None}]"
"","Sur les Chroniques littéraires de Maurice Blanchot éditées par Christophe Bident","[{'full_name': 'Takeshi Matsumura', 'given_name': None, 'family_name': None}]","2022","","Glaliceur","","OTHER","[]","https://shs.hal.science/halshs-03686959v1","","HAL","","3","Core","[{'full_name': 'Takeshi Matsumura', 'given_name': None, 'family_name': None}]"
"","L’expérience surréaliste de Maurice Blanchot","[{'full_name': 'Christophe Bident', 'given_name': None, 'family_name': None}]","2022","","","","COUV","[]","https://u-picardie.hal.science/hal-04436643v1","","HAL","","5","Core","[{'full_name': 'Christophe Bident', 'given_name': None, 'family_name': None}]"
"","La philosophie de Francis Ponge. La révolte des choses contre les mots. Ed. Hermann, collection Philosophie","[{'full_name': 'Alain Milon', 'given_name': None, 'family_name': None}]","2022","","","","OUV","[]","https://hal.science/hal-03858699v1","","HAL","","2","Core","[{'full_name': 'Alain Milon', 'given_name': None, 'family_name': None}]"
"","Duras et Blanchot. Écarts, affinités, communauté ?, suivi de Archives plurielles de Duras","[{'full_name': 'Sylvie Loignon', 'given_name': None, 'family_name': None}]","2022","","La Revue des Lettres Modernes","","ISSUE","[]","https://hal.science/hal-04005360v1","","HAL","","3","Core","[{'full_name': 'Sylvie Loignon', 'given_name': None, 'family_name': None}]"
"","Littératures n°85: La langue, organisme vivant","[{'full_name': 'Agnès Rees', 'given_name': None, 'family_name': None}, {'full_name': 'Isabelle Serça', 'given_name': None, 'family_name': None}]","2021","","Littératures","","ISSUE","[]","https://hal.science/hal-04940372v1","","HAL","","0","Needs Review","[{'full_name': 'Agnès Rees', 'given_name': None, 'family_name': None}, {'full_name': 'Isabelle Serça', 'given_name': None, 'family_name': None}]"
"","A comunidade dos amantes: anacronismo e aforismo em questão em Blanchot e Derrida","[{'full_name': 'Mayara Joice Dionizio', 'given_name': None, 'family_name': None}, {'full_name': 'Gabriel Bonesi Ferreira', 'given_name': None, 'family_name': None}]","2021","","Educação e Filosofia","","ART","[]","https://u-picardie.hal.science/hal-04368595v1","","HAL","","3","Core","[{'full_name': 'Mayara Joice Dionizio', 'given_name': None, 'family_name': None}, {'full_name': 'Gabriel Bonesi Ferreira', 'given_name': None, 'family_name': None}]"
"","Dossier : Enjeux esthétiques dans la littérature après Auschwitz.","[{'full_name': 'Andrée Lerousseau', 'given_name': None, 'family_name': None}]","2021","","Tsafon - revue d'études juives du Nord","","ISSUE","[]","https://hal.science/hal-03568630v1","","HAL","","0","Needs Review","[{'full_name': 'Andrée Lerousseau', 'given_name': None, 'family_name': None}]"
"","La recherche-création littéraire","[{'full_name': 'Violaine Houdart-Merot', 'given_name': None, 'family_name': None}, {'full_name': 'Amarie (anne-Marie) Petitjean', 'given_name': None, 'family_name': None}]","2021","","","","OUV","[]","https://hal.science/hal-03530177v1","","HAL","","0","Needs Review","[{'full_name': 'Violaine Houdart-Merot', 'given_name': None, 'family_name': None}, {'full_name': 'Amarie (anne-Marie) Petitjean', 'given_name': None, 'family_name': None}]"
"","Bruno Gay-Lussac ou la royauté d'un enfant","[{'full_name': 'Alix Tubman-Mary', 'given_name': None, 'family_name': None}]","2021","","Europe. Revue littéraire mensuelle","","OTHER","[]","https://hal.science/hal-03474501v1","","HAL","","0","Needs Review","[{'full_name': 'Alix Tubman-Mary', 'given_name': None, 'family_name': None}]"
"","Impossibles communautés marginales et aspiration à la Communauté chez Rachel de Queiroz et Maryse Condé","[{'full_name': 'Julie Brugier', 'given_name': None, 'family_name': None}]","2021","","","","COUV","[]","https://hal.science/hal-04523296v1","","HAL","","0","Needs Review","[{'full_name': 'Julie Brugier', 'given_name': None, 'family_name': None}]"
"","Henry Cros, écrivain régionaliste audois, journaliste maurassien nivernais et son recueil Le Lutrin de Cucugnan","[{'full_name': 'Gauthier Langlois', 'given_name': None, 'family_name': None}]","2021","","Bulletin de la Société d'Études Scientifiques de l'Aude","","ART","[]","https://hal.science/hal-04935486v1","","HAL","","0","Needs Review","[{'full_name': 'Gauthier Langlois', 'given_name': None, 'family_name': None}]"
"","Georges Bataille-Éric Weil : correspondance et antipodie","[{'full_name': 'Sylvie Patron', 'given_name': None, 'family_name': None}]","2021","","","","COUV","[]","https://u-paris.hal.science/hal-04176114v1","","HAL","","0","Needs Review","[{'full_name': 'Sylvie Patron', 'given_name': None, 'family_name': None}]"
"","Pourquoi rit-on ? Lire Freud avec Sarah Kofman","[{'full_name': 'Anne Bourgain', 'given_name': None, 'family_name': None}]","2021","","","","COUV","[]","https://hal.science/hal-03938841v1","","HAL","","0","Needs Review","[{'full_name': 'Anne Bourgain', 'given_name': None, 'family_name': None}]"
"","La vie versée dans les récits (vers le nom de Blanchot)","[{'full_name': 'Christophe Bident', 'given_name': None, 'family_name': None}]","2021","","","","OUV","[]","https://u-picardie.hal.science/hal-04168899v1","","HAL","","5","Core","[{'full_name': 'Christophe Bident', 'given_name': None, 'family_name': None}]"
"","La Terreur dans la France littéraire des années 1950 (1945-1962)","[{'full_name': 'Perrine Coudurier', 'given_name': None, 'family_name': None}]","2021","","","","OUV","[]","https://hal.science/hal-03987054v1","","HAL","","0","Needs Review","[{'full_name': 'Perrine Coudurier', 'given_name': None, 'family_name': None}]"
"","Staging Blanchot","[{'full_name': 'Christophe Bident', 'given_name': None, 'family_name': None}, {'full_name': 'Sylvia Gorelick', 'given_name': None, 'family_name': None}]","2021","","SubStance","","ART","[]","https://u-picardie.hal.science/hal-03906604v1","","HAL","","5","Core","[{'full_name': 'Christophe Bident', 'given_name': None, 'family_name': None}, {'full_name': 'Sylvia Gorelick', 'given_name': None, 'family_name': None}]"
"","Jean-Claude Charles entre l’ici et l’ailleurs. Habiter et vivre le monde dans Manhattan Blues et Ferdinand, je suis à Paris","[{'full_name': 'Dieulermesson Petit Frère', 'given_name': None, 'family_name': None}]","2021","","Francofonia - Studi e ricerche sulle letterature di lingua francese","","ART","[]","https://hal.science/hal-03782023v1","","HAL","","0","Needs Review","[{'full_name': 'Dieulermesson Petit Frère', 'given_name': None, 'family_name': None}]"
"","Maurice Blanchot. La communauté d'expérience de l'écriture et du judaïsme","[{'full_name': 'Jérôme de Gramont', 'given_name': None, 'family_name': None}]","2021","","","","COUV","[]","https://hal.science/hal-04624019v1","","HAL","","3","Core","[{'full_name': 'Jérôme de Gramont', 'given_name': None, 'family_name': None}]"
"","Écrire au nom de l'autre : à partir de Maurice Blanchot et Philippe Jaccottet","[{'full_name': 'Thibault Comte', 'given_name': None, 'family_name': None}]","2021","","","","THESE","[]","https://theses.hal.science/tel-03879471v1","","HAL","","3","Core","[{'full_name': 'Thibault Comte', 'given_name': None, 'family_name': None}]"
"","Témoigner de la rencontre de la mort et de la vie : Derrida lecteur de Blanchot lecteur de Winnicott","[{'full_name': 'Dorothée Legrand', 'given_name': None, 'family_name': None}]","2021","","Philosophie","","ART","[]","https://hal.science/hal-03507706v1","","HAL","","3","Core","[{'full_name': 'Dorothée Legrand', 'given_name': None, 'family_name': None}]"
"","Il viaggio di Gulliver verso una (im)possibile cultura europea (1961-1963)","[{'full_name': 'Valeria Tettamanti', 'given_name': None, 'family_name': None}]","2021","","","","OUV","[]","https://hal.science/hal-04140041v1","","HAL","","0","Needs Review","[{'full_name': 'Valeria Tettamanti', 'given_name': None, 'family_name': None}]"
"","Écrire, traduire, dans l'entre-deux des langues","[{'full_name': 'Thomas Jacqueau', 'given_name': None, 'family_name': None}, {'full_name': 'Leslie Kaplan', 'given_name': None, 'family_name': None}, {'full_name': 'Rosie Pinhas-Delpuech', 'given_name': None, 'family_name': None}, {'full_name': 'Bulac Bibliothèque', 'given_name': None, 'family_name': None}]","2021","","","","SON","[]","https://media.hal.science/hal-03388640v1","","HAL","","0","Needs Review","[{'full_name': 'Thomas Jacqueau', 'given_name': None, 'family_name': None}, {'full_name': 'Leslie Kaplan', 'given_name': None, 'family_name': None}, {'full_name': 'Rosie Pinhas-Delpuech', 'given_name': None, 'family_name': None}, {'full_name': 'Bulac Bibliothèque', 'given_name': None, 'family_name': None}]"
"","La commande faite à Blanchot","[{'full_name': 'Jérémie Majorel', 'given_name': None, 'family_name': None}]","2020","","COnTEXTES. Revue de sociologie de la littérature","","ART","[]","https://hal.science/hal-04884093v1","","HAL","","5","Core","[{'full_name': 'Jérémie Majorel', 'given_name': None, 'family_name': None}]"
"","Testimony of Death: From Extermination Camps to Clinical Practice: A Discussion with Winnicott, Blanchot and Derrida","[{'full_name': 'Dorothée Legrand', 'given_name': None, 'family_name': None}]","2020","","Eidos: A Journal for Philosophy of Culture","","ART","[]","https://hal.science/hal-03089266v1","","HAL","","3","Core","[{'full_name': 'Dorothée Legrand', 'given_name': None, 'family_name': None}]"
"","Politiques d’Orphée","[{'full_name': 'Denis Thouard', 'given_name': None, 'family_name': None}]","2020","","","","COUV","[]","https://shs.hal.science/halshs-03085663v1","","HAL","","0","Needs Review","[{'full_name': 'Denis Thouard', 'given_name': None, 'family_name': None}]"
"","The Digital Outside : Deleuzian film philosophy and contemporary screen cultures","[{'full_name': 'Timothy Deane-Freeman', 'given_name': None, 'family_name': None}]","2020","","","","THESE","[]","https://theses.hal.science/tel-02980105v1","","HAL","","0","Needs Review","[{'full_name': 'Timothy Deane-Freeman', 'given_name': None, 'family_name': None}]"
"","Paul Celan en France.","[{'full_name': 'Denis Thouard', 'given_name': None, 'family_name': None}]","2020","","","","COUV","[]","https://shs.hal.science/halshs-03085687v1","","HAL","","0","Needs Review","[{'full_name': 'Denis Thouard', 'given_name': None, 'family_name': None}]"
"","Dead Voices de Gérald Vizenor à l'hombre de Djinn","[{'full_name': 'Hanachi-Grégoire Najoua', 'given_name': None, 'family_name': None}]","2020","","","","COMM","[]","https://imt-mines-albi.hal.science/hal-03336600v1","","HAL","","0","Needs Review","[{'full_name': 'Hanachi-Grégoire Najoua', 'given_name': None, 'family_name': None}]"
"","Parle, toi aussi","[{'full_name': 'Dirk Weissmann', 'given_name': None, 'family_name': None}]","2020","","","","COUV","[]","https://hal.science/hal-03115993v1","","HAL","","0","Needs Review","[{'full_name': 'Dirk Weissmann', 'given_name': None, 'family_name': None}]"
"","Ce que Mai 68 a fait à la littérature","[{'full_name': 'Nelly Wolf', 'given_name': None, 'family_name': None}, {'full_name': 'Matthieu Rémy', 'given_name': None, 'family_name': None}]","2020","","","","OUV","[]","https://hal.science/hal-04445797v1","","HAL","","0","Needs Review","[{'full_name': 'Nelly Wolf', 'given_name': None, 'family_name': None}, {'full_name': 'Matthieu Rémy', 'given_name': None, 'family_name': None}]"
"","Irresolution and Completeness in Lydia Davis' « How I know what I Like »","[{'full_name': 'Lynn Blin', 'given_name': None, 'family_name': None}]","2020","","Linx","","ART","[]","https://univ-montpellier3-paul-valery.hal.science/hal-04173210v1","","HAL","","0","Needs Review","[{'full_name': 'Lynn Blin', 'given_name': None, 'family_name': None}]"
"10.1515/9780823254712-002","Preface","","2020","","The Imperative to Write","Fordham University Press","book-chapter","[]","https://doi.org/10.1515/9780823254712-002","","Crossref","{'is-identical-to': [{'id-type': 'doi', 'id': '10.2307/j.ctt13x07wd.4', 'asserted-by': 'subject'}]}","1","Core",""
"","Blanchot et l’Allemagne","[{'full_name': 'Alain Milon', 'given_name': None, 'family_name': None}]","2020","","","","OUV","[]","https://hal.science/hal-04497167v1","","HAL","","5","Core","[{'full_name': 'Alain Milon', 'given_name': None, 'family_name': None}]"
"","Maurice Blanchot e a literatura em desastre","[{'full_name': 'Christophe Bident', 'given_name': None, 'family_name': None}, {'full_name': 'Paula Glenadel', 'given_name': None, 'family_name': None}]","2020","","Gragoatá","","ISSUE","[]","https://u-picardie.hal.science/hal-04436639v1","","HAL","","5","Core","[{'full_name': 'Christophe Bident', 'given_name': None, 'family_name': None}, {'full_name': 'Paula Glenadel', 'given_name': None, 'family_name': None}]"
"","Blanchot à la rencontre du possible leibnizien","[{'full_name': 'Alain Milon', 'given_name': None, 'family_name': None}]","2020","","","","COUV","[]","https://hal.parisnanterre.fr/hal-04410937v1","","HAL","","5","Core","[{'full_name': 'Alain Milon', 'given_name': None, 'family_name': None}]"
"10.1515/9780823264605-008","Index of Names","","2020","","Ending and Unending Agony","Fordham University Press","book-chapter","[]","https://doi.org/10.1515/9780823264605-008","","Crossref","{'is-identical-to': [{'id-type': 'doi', 'id': '10.2307/j.ctt1657v2v.15', 'asserted-by': 'subject'}]}","1","Core",""
"10.1515/9780823281787-069","books by maurice blanchot, with translations into english","","2020","","Maurice Blanchot","Fordham University Press","book-chapter","[]","https://doi.org/10.1515/9780823281787-069","","Crossref","{'is-identical-to': [{'id-type': 'doi', 'id': '10.2307/j.ctv8d5tnj.71', 'asserted-by': 'subject'}]}","4","Core",""
"","« La Pensée de l’oubli, écriture et désœuvrement depuis Nietzsche et Blanchot »","[{'full_name': 'Corentin Delcambre', 'given_name': None, 'family_name': None}]","2020","","Les Cahiers du CREILAC","","ART","[]","https://hal.science/hal-03834041v1","","HAL","","3","Core","[{'full_name': 'Corentin Delcambre', 'given_name': None, 'family_name': None}]"
"10.1515/9780823254231-007","5. In Lieu of a Last Word: Maurice Blanchot and the Future of Memory (Today)","","2020","","Committing the Future to Memory","Fordham University Press","book-chapter","[]","https://doi.org/10.1515/9780823254231-007","","Crossref","{'is-identical-to': [{'id-type': 'doi', 'id': '10.2307/j.ctt13x07vw.9', 'asserted-by': 'subject'}]}","4","Core",""
"10.1515/9780823237579-009","The Name God in Blanchot","","2020","","Dis-Enclosure","Fordham University Press","book-chapter","[]","https://doi.org/10.1515/9780823237579-009","","Crossref","{'is-identical-to': [{'id-type': 'doi', 'id': '10.2307/j.ctt14bs028.11', 'asserted-by': 'subject'}]}","4","Core",""
"","Les Quatre sens du désastre chez Blanchot","[{'full_name': 'Jérémie Majorel', 'given_name': None, 'family_name': None}]","2020","","Contemporary French and Francophone Studies","","ART","[]","https://hal.science/hal-04884115v1","","HAL","","5","Core","[{'full_name': 'Jérémie Majorel', 'given_name': None, 'family_name': None}]"
"10.1515/9780823264605","Ending and Unending Agony","Philippe Lacoue-Labarthe","2020","","","Fordham University Press","edited-book","[]","https://doi.org/10.1515/9780823264605","","Crossref","{'is-identical-to': [{'id-type': 'doi', 'id': '10.2307/j.ctt1657v2v', 'asserted-by': 'subject'}]}","3","Core","Philippe Lacoue-Labarthe"
"10.1515/9780823264605-007","Bibliographical Note","","2020","","Ending and Unending Agony","Fordham University Press","book-chapter","[]","https://doi.org/10.1515/9780823264605-007","","Crossref","{'is-identical-to': [{'id-type': 'doi', 'id': '10.2307/j.ctt1657v2v.14', 'asserted-by': 'subject'}]}","1","Core",""
"10.1515/9780823281787-011","chapter 9. Refusal, I: The Revolution of Spirit","","2020","","Maurice Blanchot","Fordham University Press","book-chapter","[]","https://doi.org/10.1515/9780823281787-011","","Crossref","{'is-identical-to': [{'id-type': 'doi', 'id': '10.2307/j.ctv8d5tnj.13', 'asserted-by': 'subject'}]}","1","Core",""
"10.1515/9780823269310-002","Acknowledgments","","2020","","Aesthetics of Negativity","Fordham University Press","book-chapter","[]","https://doi.org/10.1515/9780823269310-002","","Crossref","{'is-identical-to': [{'id-type': 'doi', 'id': '10.2307/j.ctt19x3jg5.4', 'asserted-by': 'subject'}]}","1","Core",""
"10.1515/9780823269310-013","Appendix: Thomas l’Obscur, Chapter 1","","2020","","Aesthetics of Negativity","Fordham University Press","book-chapter","[]","https://doi.org/10.1515/9780823269310-013","","Crossref","{'is-identical-to': [{'id-type': 'doi', 'id': '10.2307/j.ctt19x3jg5.19', 'asserted-by': 'subject'}]}","1","Core",""
"10.1515/9780823281787-001","translator’s note","","2020","","Maurice Blanchot","Fordham University Press","book-chapter","[]","https://doi.org/10.1515/9780823281787-001","","Crossref","{'is-identical-to': [{'id-type': 'doi', 'id': '10.2307/j.ctv8d5tnj.3', 'asserted-by': 'subject'}]}","1","Core",""
"10.1515/9780823281787-012","chapter 10. Journalist, Opponent of Hitler, National- Revolutionary","","2020","","Maurice Blanchot","Fordham University Press","book-chapter","[]","https://doi.org/10.1515/9780823281787-012","","Crossref","{'is-identical-to': [{'id-type': 'doi', 'id': '10.2307/j.ctv8d5tnj.14', 'asserted-by': 'subject'}]}","1","Core",""
"","《西方哲学的“非连续性”传统：以布朗肖为中心——阿兰·米隆教授访谈》","[{'full_name': 'Alain Milon', 'given_name': None, 'family_name': None}]","2020","","《马克思主义与现实》(Marxisme et réalité","","ART","[]","https://hal.parisnanterre.fr/hal-04412513v1","","HAL","","2","Core","[{'full_name': 'Alain Milon', 'given_name': None, 'family_name': None}]"
"","2020《启蒙：西方世界的宏大叙事——以康德、阿多诺和霍克海默、布 肖为例》","[{'full_name': 'Alain Milon', 'given_name': None, 'family_name': None}]","2020","","Journal of Guangzhou University","","ART","[]","https://hal.parisnanterre.fr/hal-04412460v1","","HAL","","2","Core","[{'full_name': 'Alain Milon', 'given_name': None, 'family_name': None}]"
"10.1515/9780823281787-070","index","","2020","","Maurice Blanchot","Fordham University Press","book-chapter","[]","https://doi.org/10.1515/9780823281787-070","","Crossref","{'is-identical-to': [{'id-type': 'doi', 'id': '10.2307/j.ctv8d5tnj.72', 'asserted-by': 'subject'}]}","1","Core",""
"10.1515/9780823281787-002","preface","","2020","","Maurice Blanchot","Fordham University Press","book-chapter","[]","https://doi.org/10.1515/9780823281787-002","","Crossref","{'is-identical-to': [{'id-type': 'doi', 'id': '10.2307/j.ctv8d5tnj.4', 'asserted-by': 'subject'}]}","1","Core",""
"10.1515/9780823281787-043","chapter 41. Are You Writing, Are You Writing Even Now?","","2020","","Maurice Blanchot","Fordham University Press","book-chapter","[]","https://doi.org/10.1515/9780823281787-043","","Crossref","{'is-identical-to': [{'id-type': 'doi', 'id': '10.2307/j.ctv8d5tnj.45', 'asserted-by': 'subject'}]}","1","Core",""
"10.1515/9780823281787-068","notes","","2020","","Maurice Blanchot","Fordham University Press","book-chapter","[]","https://doi.org/10.1515/9780823281787-068","","Crossref","{'is-identical-to': [{'id-type': 'doi', 'id': '10.2307/j.ctv8d5tnj.70', 'asserted-by': 'subject'}]}","1","Core",""
"10.1515/9780823264605-001","Translator’s Note","","2020","","Ending and Unending Agony","Fordham University Press","book-chapter","[]","https://doi.org/10.1515/9780823264605-001","","Crossref","{'is-identical-to': [{'id-type': 'doi', 'id': '10.2307/j.ctt1657v2v.3', 'asserted-by': 'subject'}]}","1","Core",""
"10.1515/9780823281787-067","acknowledgments","","2020","","Maurice Blanchot","Fordham University Press","book-chapter","[]","https://doi.org/10.1515/9780823281787-067","","Crossref","{'is-identical-to': [{'id-type': 'doi', 'id': '10.2307/j.ctv8d5tnj.69', 'asserted-by': 'subject'}]}","1","Core",""
"10.1515/9780823254712-013","Conclusion. Speech Unredeemed","","2020","","The Imperative to Write","Fordham University Press","book-chapter","[]","https://doi.org/10.1515/9780823254712-013","","Crossref","{'is-identical-to': [{'id-type': 'doi', 'id': '10.2307/j.ctt13x07wd.15', 'asserted-by': 'subject'}]}","1","Core",""
"10.1515/9780823264605-003","Prologue","","2020","","Ending and Unending Agony","Fordham University Press","book-chapter","[]","https://doi.org/10.1515/9780823264605-003","","Crossref","{'is-identical-to': [{'id-type': 'doi', 'id': '10.2307/j.ctt1657v2v.5', 'asserted-by': 'subject'}]}","1","Core",""
"10.1515/9780823269310-003","Introduction: Abstract and Concrete Modernity","","2020","","Aesthetics of Negativity","Fordham University Press","book-chapter","[]","https://doi.org/10.1515/9780823269310-003","","Crossref","{'is-identical-to': [{'id-type': 'doi', 'id': '10.2307/j.ctt19x3jg5.5', 'asserted-by': 'subject'}]}","1","Core",""
"10.1515/9780823281787-054","chapter 52. Act in Such a Way That I Can Speak to You","","2020","","Maurice Blanchot","Fordham University Press","book-chapter","[]","https://doi.org/10.1515/9780823281787-054","","Crossref","{'is-identical-to': [{'id-type': 'doi', 'id': '10.2307/j.ctv8d5tnj.56', 'asserted-by': 'subject'}]}","1","Core",""
"10.1515/9780823281787-066","Amor","","2020","","Maurice Blanchot","Fordham University Press","book-chapter","[]","https://doi.org/10.1515/9780823281787-066","","Crossref","{'is-identical-to': [{'id-type': 'doi', 'id': '10.2307/j.ctv8d5tnj.68', 'asserted-by': 'subject'}]}","1","Core",""
"10.1515/9780823269310","Aesthetics of Negativity","William S. Allen","2020","","","Fordham University Press","edited-book","[]","https://doi.org/10.1515/9780823269310","","Crossref","{'is-identical-to': [{'id-type': 'doi', 'id': '10.2307/j.ctt19x3jg5', 'asserted-by': 'subject'}]}","1","Core","William S. Allen"
"","Comment taire le commentaire : autour de Maurice Blanchot","[{'full_name': 'Alain Milon', 'given_name': None, 'family_name': None}]","2019","","","","COUV","[]","https://hal.parisnanterre.fr/hal-04410946v1","","HAL","","5","Core","[{'full_name': 'Alain Milon', 'given_name': None, 'family_name': None}]"
"","Goethe, le mythe et la science. Regards croisés dans les littératures européennes","[{'full_name': 'Dominique Massonnaud', 'given_name': None, 'family_name': None}]","2019","","","","OUV","[]","https://hal.science/hal-02560487v1","","HAL","","0","Needs Review","[{'full_name': 'Dominique Massonnaud', 'given_name': None, 'family_name': None}]"
"","Le Goethe de Blanchot","[{'full_name': 'Jérémie Majorel', 'given_name': None, 'family_name': None}]","2019","","","","COUV","[]","https://hal.science/hal-02139914v1","","HAL","","5","Core","[{'full_name': 'Jérémie Majorel', 'given_name': None, 'family_name': None}]"
"","Leçon d'économie générale : l'expérience-limite chez Bataille-Blanchot-Klossowski.","[{'full_name': 'Alain Milon', 'given_name': None, 'family_name': None}]","2019","","","","OUV","[]","https://hal.science/hal-02101340v1","","HAL","","5","Core","[{'full_name': 'Alain Milon', 'given_name': None, 'family_name': None}]"
"10.1515/9780823281787","Maurice Blanchot","Christophe Bident, John McKeane","2019","","","Fordham University Press","monograph","[]","https://doi.org/10.1515/9780823281787","","Crossref","{'is-identical-to': [{'id-type': 'doi', 'id': '10.2307/j.ctv8d5tnj', 'asserted-by': 'subject'}]}","6","Core","Christophe Bident, John McKeane"
"","Philosophie du discontinu","[{'full_name': 'Alain Milon', 'given_name': None, 'family_name': None}]","2019","","","","COUV","[]","https://hal.parisnanterre.fr/hal-04412141v1","","HAL","","2","Core","[{'full_name': 'Alain Milon', 'given_name': None, 'family_name': None}]"
"","Indicible, insondable, inconsolable. Les rigueurs de l’écriture selon Patricia De Martelaere","[{'full_name': 'Luc Bergmans', 'given_name': None, 'family_name': None}]","2019","","Etudes Germaniques","","ART","[]","https://shs.hal.science/halshs-03206212v1","","HAL","","0","Needs Review","[{'full_name': 'Luc Bergmans', 'given_name': None, 'family_name': None}]"
"","Les limites du langage : l’au-dehors comme modèle processuel ? (Foucault, Blanchot, Bataille, Heidegger, Derrida)","[{'full_name': 'Anne Gabrièle Wersinger Taylor', 'given_name': None, 'family_name': None}]","2019","","","","COUV","[]","https://hal.univ-reims.fr/hal-02544003v1","","HAL","","3","Core","[{'full_name': 'Anne Gabrièle Wersinger Taylor', 'given_name': None, 'family_name': None}]"
"","Tristan Corbière a donné sa langue au ÇA","[{'full_name': 'Benoît Dufau', 'given_name': None, 'family_name': None}]","2019","","","","COUV","[]","https://hal.science/hal-02471842v1","","HAL","","0","Needs Review","[{'full_name': 'Benoît Dufau', 'given_name': None, 'family_name': None}]"
"","Maurice Blanchot et son écriture","[{'full_name': 'Ken Sumiyoshi', 'given_name': None, 'family_name': None}]","2019","","","","THESE","[]","https://theses.hal.science/tel-03220943v1","","HAL","","3","Core","[{'full_name': 'Ken Sumiyoshi', 'given_name': None, 'family_name': None}]"
"","La leçon du silence : littérature et relation sociale chez Maurice Blanchot","[{'full_name': 'Luis Felipe Alarcón', 'given_name': None, 'family_name': None}]","2019","","","","THESE","[]","https://theses.hal.science/tel-03032121v1","","HAL","","3","Core","[{'full_name': 'Luis Felipe Alarcón', 'given_name': None, 'family_name': None}]"
"","Unidade ou diferença: entre o corpo derridiano e a poesia blanchotian","[{'full_name': 'Mayara Dionizio', 'given_name': None, 'family_name': None}]","2019","","Griot : Revista de Filosofia","","ART","[]","https://u-picardie.hal.science/hal-04368674v1","","HAL","","3","Core","[{'full_name': 'Mayara Dionizio', 'given_name': None, 'family_name': None}]"
"","« Introduzione. Spazi d’incontro: tra scrittura e lettura »","[{'full_name': 'Martina Della Casa', 'given_name': None, 'family_name': None}]","2019","","","","COUV","[]","https://hal.science/hal-04698057v1","","HAL","","0","Needs Review","[{'full_name': 'Martina Della Casa', 'given_name': None, 'family_name': None}]"
"","Looking Back: The Orphic Quest of the Narrator in Tim O'Brien's The Things They Carried","[{'full_name': 'Lucie Jammes', 'given_name': None, 'family_name': None}]","2018","","","","COUV","[]","https://hal.science/hal-04875684v1","","HAL","","0","Needs Review","[{'full_name': 'Lucie Jammes', 'given_name': None, 'family_name': None}]"
"","La Place de l'Etranger dans la communauté. Dialogue entre Levinas et Blanchot","[{'full_name': 'Alain Milon', 'given_name': None, 'family_name': None}]","2018","","","","OUV","[]","https://hal.science/hal-01796450v1","","HAL","","5","Core","[{'full_name': 'Alain Milon', 'given_name': None, 'family_name': None}]"
"","Romantisme et négativité. De quelques positionnements et de leurs enjeux au XXe siècle (Breton, Béguin, Gracq, Blanchot, Nancy et Lacoue-Labarthe, Agamben)","[{'full_name': 'Patrick Marot', 'given_name': None, 'family_name': None}]","2018","","","","COUV","[]","https://hal.science/hal-02268549v1","","HAL","","3","Core","[{'full_name': 'Patrick Marot', 'given_name': None, 'family_name': None}]"
"","« Blanchot en Mai », La Vie des idées, URL : http://www.laviedesidees.fr/Blanchot-en-Mai.html","[{'full_name': 'Jérémie Majorel', 'given_name': None, 'family_name': None}]","2018","","La vie des idées","","ART","[]","https://hal.univ-lyon2.fr/hal-01945248v1","","HAL","","5","Core","[{'full_name': 'Jérémie Majorel', 'given_name': None, 'family_name': None}]"
"","Le Goethe de Blanchot","[{'full_name': 'Jérémie Majorel', 'given_name': None, 'family_name': None}]","2018","","","","COMM","[]","https://hal.univ-lyon2.fr/hal-01945582v1","","HAL","","5","Core","[{'full_name': 'Jérémie Majorel', 'given_name': None, 'family_name': None}]"
"","Blanchot (Maurice)","[{'full_name': 'Christophe Bident', 'given_name': None, 'family_name': None}]","2018","","","","COUV","[]","https://u-picardie.hal.science/hal-04169095v1","","HAL","","5","Core","[{'full_name': 'Christophe Bident', 'given_name': None, 'family_name': None}]"
"10.2307/j.ctv8d5tnj","Maurice Blanchot","Christophe Bident","2018","","","Fordham University Press","monograph","[]","https://doi.org/10.2307/j.ctv8d5tnj","","Crossref","{'is-identical-to': [{'id-type': 'doi', 'id': '10.1515/9780823281787', 'asserted-by': 'object'}]}","6","Core","Christophe Bident"
"","Gramática de los confines. Un acercamiento a la poesía de Arcadio Pardo","[{'full_name': 'Olvido García Valdés', 'given_name': None, 'family_name': None}]","2018","","Iberic@l","","ART","[]","https://hal.science/hal-03790787v1","","HAL","","0","Needs Review","[{'full_name': 'Olvido García Valdés', 'given_name': None, 'family_name': None}]"
"","Aristotelian and/or Nietzschean Narratology","[{'full_name': 'Antonino Sorci', 'given_name': None, 'family_name': None}]","2018","","","","COMM","[]","https://hal.science/hal-01722177v1","","HAL","","0","Needs Review","[{'full_name': 'Antonino Sorci', 'given_name': None, 'family_name': None}]"
"","A negação da obra: Derrida e leitor de Artaud","[{'full_name': 'Mayara Joice Dionizio', 'given_name': None, 'family_name': None}]","2018","","Kriterion. Revista de filosofia","","ART","[]","https://u-picardie.hal.science/hal-04368675v1","","HAL","","0","Needs Review","[{'full_name': 'Mayara Joice Dionizio', 'given_name': None, 'family_name': None}]"
"","El pasado face la catastrophe","[{'full_name': 'Julien Roger', 'given_name': None, 'family_name': None}]","2018","","","","COUV","[]","https://hal.science/hal-03790478v2","","HAL","","0","Needs Review","[{'full_name': 'Julien Roger', 'given_name': None, 'family_name': None}]"
"","Borges, Babel et la Nouvelle Critique","[{'full_name': 'Julien Roger', 'given_name': None, 'family_name': None}]","2018","","","","COUV","[]","https://hal.science/hal-03960460v1","","HAL","","0","Needs Review","[{'full_name': 'Julien Roger', 'given_name': None, 'family_name': None}]"
"","Entendre la voix de l’enfant. À propos d’un moment ferenczien de la littérature française (Quignard, Sarraute, Bergounioux)","[{'full_name': 'Alexandre Seurat', 'given_name': None, 'family_name': None}, {'full_name': 'Déborah Lévy-Bertherat', 'given_name': None, 'family_name': None}, {'full_name': 'Mathilde Lévêque', 'given_name': None, 'family_name': None}]","2018","","Revue Critique de Fixxion Française Contemporaine","","ART","[]","https://univ-angers.hal.science/hal-02616362v1","","HAL","","0","Needs Review","[{'full_name': 'Alexandre Seurat', 'given_name': None, 'family_name': None}, {'full_name': 'Déborah Lévy-Bertherat', 'given_name': None, 'family_name': None}, {'full_name': 'Mathilde Lévêque', 'given_name': None, 'family_name': None}]"
"","The Anguish of Thought","[{'full_name': 'Grossman Evelyne', 'given_name': None, 'family_name': None}]","2018","","","","OUV","[]","https://u-paris.hal.science/hal-03982557v1","","HAL","","0","Needs Review","[{'full_name': 'Grossman Evelyne', 'given_name': None, 'family_name': None}]"
"","Le mai 68 des écrivains : crise politique et avant-gardes littéraires","[{'full_name': 'Boris Gobille', 'given_name': None, 'family_name': None}]","2018","","","","OUV","[]","https://shs.hal.science/halshs-01719329v1","","HAL","","0","Needs Review","[{'full_name': 'Boris Gobille', 'given_name': None, 'family_name': None}]"
"","Simone de Beauvoir : écriture de soi et allongement de la phrase (p. 269-286)","[{'full_name': 'Stéphanie Smadja', 'given_name': None, 'family_name': None}]","2018","","","","COUV","[]","https://u-paris.hal.science/hal-03740909v1","","HAL","","0","Needs Review","[{'full_name': 'Stéphanie Smadja', 'given_name': None, 'family_name': None}]"
"","La phrase de Lacoue-Labarthe","[{'full_name': 'Nicolas Murena', 'given_name': None, 'family_name': None}]","2018","","Comparatismes en Sorbonne","","ART","[]","https://shs.hal.science/halshs-02074208v1","","HAL","","0","Needs Review","[{'full_name': 'Nicolas Murena', 'given_name': None, 'family_name': None}]"
"","یادداشت روزانه و داستان Maurice Blanchot: Le journal intime et le récit","[{'full_name': 'شفیقه کیوان', 'given_name': None, 'family_name': None}, {'full_name': 'Shafigheh Keivan', 'given_name': None, 'family_name': None}]","2017","","","","TRAD","[]","https://shs.hal.science/halshs-02521323v1","","HAL","","3","Core","[{'full_name': 'شفیقه کیوان', 'given_name': None, 'family_name': None}, {'full_name': 'Shafigheh Keivan', 'given_name': None, 'family_name': None}]"
"","« Le chant des sirènes, ou la langue émue »","[{'full_name': 'Nikol Dziub', 'given_name': None, 'family_name': None}]","2017","","","","COMM","[]","https://hal.science/hal-03089396v1","","HAL","","0","Needs Review","[{'full_name': 'Nikol Dziub', 'given_name': None, 'family_name': None}]"
"","Heine, Schumann, Blanchot","[{'full_name': 'Jonathan Degenève', 'given_name': None, 'family_name': None}]","2017","","","","COUV","[]","https://hal.science/hal-01620184v1","","HAL","","3","Core","[{'full_name': 'Jonathan Degenève', 'given_name': None, 'family_name': None}]"
"","La figure d'Ulysse chez Blanchot et Levinas","[{'full_name': 'Clotilde Brière', 'given_name': None, 'family_name': None}]","2017","","Travaux & documents","","ART","[]","https://hal.univ-reunion.fr/hal-02267916v1","","HAL","","3","Core","[{'full_name': 'Clotilde Brière', 'given_name': None, 'family_name': None}]"
"","Il senso del segreto. Benjamin, Bataille, Deleuze, Blanchot e Derrida sulle tracce di Proust","[{'full_name': 'Daniele Garritano', 'given_name': None, 'family_name': None}]","2017","","","","OUV","[]","https://univ-paris8.hal.science/hal-03199987v1","","HAL","","3","Core","[{'full_name': 'Daniele Garritano', 'given_name': None, 'family_name': None}]"
"","Maurice Blanchot. ""La littérature encore une fois"". Colloque de Genève","[{'full_name': 'Jonathan Degenève', 'given_name': None, 'family_name': None}]","2017","","","","PROCEEDINGS","[]","https://hal.science/hal-01620170v1","","HAL","","3","Core","[{'full_name': 'Jonathan Degenève', 'given_name': None, 'family_name': None}]"
"","Défi de lecture : Thomas l'Obscur de Maurice Blanchot","[{'full_name': 'Anca Călin', 'given_name': None, 'family_name': None}, {'full_name': 'Alain Milon', 'given_name': None, 'family_name': None}]","2017","","","","OUV","[]","https://hal.science/hal-02101375v1","","HAL","","5","Core","[{'full_name': 'Anca Călin', 'given_name': None, 'family_name': None}, {'full_name': 'Alain Milon', 'given_name': None, 'family_name': None}]"
"","Blanchot, Maurice","[{'full_name': 'Christophe Bident', 'given_name': None, 'family_name': None}]","2017","","","","COUV","[]","https://u-picardie.hal.science/hal-04169090v1","","HAL","","5","Core","[{'full_name': 'Christophe Bident', 'given_name': None, 'family_name': None}]"
"","Maurice Blanchot. « La littérature encore une fois »","[{'full_name': 'Bident Christophe', 'given_name': None, 'family_name': None}, {'full_name': 'Jonathan Degenève', 'given_name': None, 'family_name': None}, {'full_name': 'Leslie Hill', 'given_name': None, 'family_name': None}, {'full_name': 'Jérémie Majorel', 'given_name': None, 'family_name': None}, {'full_name': 'Sylvain Santi', 'given_name': None, 'family_name': None}, {'full_name': 'Parham Shahrjerdi', 'given_name': None, 'family_name': None}, {'full_name': 'Daniel Wilhem', 'given_name': None, 'family_name': None}]","2017","","","","OUV","[]","https://hal.univ-lyon2.fr/hal-01944685v1","","HAL","","5","Core","[{'full_name': 'Bident Christophe', 'given_name': None, 'family_name': None}, {'full_name': 'Jonathan Degenève', 'given_name': None, 'family_name': None}, {'full_name': 'Leslie Hill', 'given_name': None, 'family_name': None}, {'full_name': 'Jérémie Majorel', 'given_name': None, 'family_name': None}, {'full_name': 'Sylvain Santi', 'given_name': None, 'family_name': None}, {'full_name': 'Parham Shahrjerdi', 'given_name': None, 'family_name': None}, {'full_name': 'Daniel Wilhem', 'given_name': None, 'family_name': None}]"
"","« “Ce qui reste du représentable” dans l’écriture beckettienne. Le fragment et l’épreuve du pire »","[{'full_name': 'Martina Della Casa', 'given_name': None, 'family_name': None}]","2016","","","","COUV","[]","https://hal.science/hal-04698046v1","","HAL","","0","Needs Review","[{'full_name': 'Martina Della Casa', 'given_name': None, 'family_name': None}]"
"","Desrelaciones Peligrosas (¿una pasión vacía?): la adolescencia de Rimbaud y la nuestra","[{'full_name': 'Michèle Benhaim', 'given_name': None, 'family_name': None}]","2016","","Aesthethika","","ART","[]","https://amu.hal.science/hal-01429428v1","","HAL","","0","Needs Review","[{'full_name': 'Michèle Benhaim', 'given_name': None, 'family_name': None}]"
"","Bataille, Jouve, Klossowski, Blanchot : la parole transgressive","[{'full_name': 'Marine Riguet', 'given_name': None, 'family_name': None}]","2016","","","","COUV","[]","https://hal.science/hal-03695604v1","","HAL","","3","Core","[{'full_name': 'Marine Riguet', 'given_name': None, 'family_name': None}]"
"","La résistance de l’écriture : entre politique et littérature (Blanchot, Coleridge)","[{'full_name': 'Pierre-Victor Haurens', 'given_name': None, 'family_name': None}]","2016","","Trans : Revue de Littérature Générale et Comparée","","ART","[]","https://hal.science/hal-01484647v1","","HAL","","3","Core","[{'full_name': 'Pierre-Victor Haurens', 'given_name': None, 'family_name': None}]"
"10.2307/j.ctt19x3jg5.19","Appendix:","","2016","","Aesthetics of Negativity","Fordham University Press","book-chapter","[]","https://doi.org/10.2307/j.ctt19x3jg5.19","","Crossref","{'is-identical-to': [{'id-type': 'doi', 'id': '10.1515/9780823269310-013', 'asserted-by': 'object'}]}","1","Core",""
"10.2307/j.ctt19x3jg5.5","Introduction:","","2016","","Aesthetics of Negativity","Fordham University Press","book-chapter","[]","https://doi.org/10.2307/j.ctt19x3jg5.5","","Crossref","{'is-identical-to': [{'id-type': 'doi', 'id': '10.1515/9780823269310-003', 'asserted-by': 'object'}]}","1","Core",""
"10.2307/j.ctt19x3jg5","Aesthetics of Negativity","WILLIAM S. ALLEN","2016","","","Fordham University Press","monograph","[]","https://doi.org/10.2307/j.ctt19x3jg5","","Crossref","{'is-identical-to': [{'id-type': 'doi', 'id': '10.1515/9780823269310', 'asserted-by': 'object'}]}","1","Core","WILLIAM S. ALLEN"
"10.2307/j.ctt19x3jg5.4","Acknowledgments","","2016","","Aesthetics of Negativity","Fordham University Press","book-chapter","[]","https://doi.org/10.2307/j.ctt19x3jg5.4","","Crossref","{'is-identical-to': [{'id-type': 'doi', 'id': '10.1515/9780823269310-002', 'asserted-by': 'object'}]}","1","Core",""
"","Venger Baudelaire ? Une économie du sacrifice et de la dette","[{'full_name': 'Mathilde Labbé', 'given_name': None, 'family_name': None}]","2015","","Littérature","","ART","[]","https://shs.hal.science/halshs-02523619v1","","HAL","","0","Needs Review","[{'full_name': 'Mathilde Labbé', 'given_name': None, 'family_name': None}]"
"10.2307/j.ctt1657v2v.14","Bibliographical Note","","2015","","Ending and Unending Agony","Fordham University Press","book-chapter","[]","https://doi.org/10.2307/j.ctt1657v2v.14","","Crossref","{'is-identical-to': [{'id-type': 'doi', 'id': '10.1515/9780823264605-007', 'asserted-by': 'object'}]}","1","Core",""
"10.2307/j.ctt1657v2v.15","Index of Names","","2015","","Ending and Unending Agony","Fordham University Press","book-chapter","[]","https://doi.org/10.2307/j.ctt1657v2v.15","","Crossref","{'is-identical-to': [{'id-type': 'doi', 'id': '10.1515/9780823264605-008', 'asserted-by': 'object'}]}","1","Core",""
"10.2307/j.ctt1657v2v.3","Translator’s Note","","2015","","Ending and Unending Agony","Fordham University Press","book-chapter","[]","https://doi.org/10.2307/j.ctt1657v2v.3","","Crossref","{'is-identical-to': [{'id-type': 'doi', 'id': '10.1515/9780823264605-001', 'asserted-by': 'object'}]}","1","Core",""
"10.2307/j.ctt1657v2v.5","Prologue","","2015","","Ending and Unending Agony","Fordham University Press","book-chapter","[]","https://doi.org/10.2307/j.ctt1657v2v.5","","Crossref","{'is-identical-to': [{'id-type': 'doi', 'id': '10.1515/9780823264605-003', 'asserted-by': 'object'}]}","1","Core",""
"","Blanchot de Brenas, l’inventeur du « Curé de Cucugnan », son voyage à Carcassonne et dans les Corbières en 1858","[{'full_name': 'Gauthier Langlois', 'given_name': None, 'family_name': None}]","2015","","Bulletin de la Société d'Études Scientifiques de l'Aude","","ART","[]","https://hal.science/hal-01964378v1","","HAL","","3","Core","[{'full_name': 'Gauthier Langlois', 'given_name': None, 'family_name': None}]"
"","L'art de la discrétion ( l'infranuance et le petit usage)","[{'full_name': 'Quentin Jouret', 'given_name': None, 'family_name': None}]","2015","","","","THESE","[]","https://theses.hal.science/tel-01545534v1","","HAL","","0","Needs Review","[{'full_name': 'Quentin Jouret', 'given_name': None, 'family_name': None}]"
"","Blanchot, Mallarmé, Lautréamont : “de la métaphore à la métamorphose”","[{'full_name': 'Jérémie Majorel', 'given_name': None, 'family_name': None}]","2015","","","","COMM","[]","https://hal.univ-lyon2.fr/hal-01945550v1","","HAL","","5","Core","[{'full_name': 'Jérémie Majorel', 'given_name': None, 'family_name': None}]"
"","LA FIGURE À L'ŒUVRE","[{'full_name': 'Jean Arnaud', 'given_name': None, 'family_name': None}]","2015","","","","OUV","[]","https://amu.hal.science/hal-02509404v1","","HAL","","0","Needs Review","[{'full_name': 'Jean Arnaud', 'given_name': None, 'family_name': None}]"
"","L’inconditionnel et l’écriture du neutre, Edmond Jabès et Maurice Blanchot","[{'full_name': 'Eric Bonnet', 'given_name': None, 'family_name': None}]","2015","","","","COUV","[]","https://univ-paris8.hal.science/hal-02522252v1","","HAL","","3","Core","[{'full_name': 'Eric Bonnet', 'given_name': None, 'family_name': None}]"
"","Alsace"", ""Berger Pierre"", ""Blanchot"", ""Char Georgette"", ""De Gaulle"", ""Hamoir Irène et Scutenaire Louis"",""Mora Edith"", ""Scolarité"", ""Voyages","[{'full_name': 'Christine Dupouy', 'given_name': None, 'family_name': None}]","2015","","","","COUV","[]","https://hal.science/hal-01171337v1","","HAL","","3","Core","[{'full_name': 'Christine Dupouy', 'given_name': None, 'family_name': None}]"
"10.2307/j.ctt1657v2v","Ending and Unending Agony","Philippe Lacoue-Labarthe","2015","","","Fordham University Press","monograph","[]","https://doi.org/10.2307/j.ctt1657v2v","","Crossref","{'is-identical-to': [{'id-type': 'doi', 'id': '10.1515/9780823264605', 'asserted-by': 'object'}]}","3","Core","Philippe Lacoue-Labarthe"
"","Cahier de l'Herne Maurice Blanchot","[{'full_name': 'Jérôme de Gramont', 'given_name': None, 'family_name': None}]","2015","","Nunc","","ART","[]","https://hal.science/hal-04624141v1","","HAL","","3","Core","[{'full_name': 'Jérôme de Gramont', 'given_name': None, 'family_name': None}]"
"","« Le contraire de l’espace ». La place de la littérature chez Blanchot, Céline et Foucault","[{'full_name': 'Thomas Carrier-Lafleur', 'given_name': None, 'family_name': None}]","2015","","Word and Text","","ART","[]","https://hal.science/hal-01720213v1","","HAL","","3","Core","[{'full_name': 'Thomas Carrier-Lafleur', 'given_name': None, 'family_name': None}]"
"","Agencement et dégagement des voix dans Todesfuge et Sprachgitter. L’art de la fugue selon Paul Celan","[{'full_name': 'Marik Froidefond', 'given_name': None, 'family_name': None}]","2015","","","","COUV","[]","https://shs.hal.science/halshs-01323320v1","","HAL","","0","Needs Review","[{'full_name': 'Marik Froidefond', 'given_name': None, 'family_name': None}]"
"","Penser avec Françoise Collin","[{'full_name': 'Florence Rochefort', 'given_name': None, 'family_name': None}, {'full_name': 'Dominique Fougeyrollas', 'given_name': None, 'family_name': None}]","2015","","","","OUV","[]","https://shs.hal.science/halshs-01245171v1","","HAL","","0","Needs Review","[{'full_name': 'Florence Rochefort', 'given_name': None, 'family_name': None}, {'full_name': 'Dominique Fougeyrollas', 'given_name': None, 'family_name': None}]"
"","Un autre regard sur l'objet","[{'full_name': 'Raluca Batranu', 'given_name': None, 'family_name': None}, {'full_name': 'Elisa Borghino', 'given_name': None, 'family_name': None}, {'full_name': 'Isabelle Patroix', 'given_name': None, 'family_name': None}, {'full_name': 'Jean-Pol Madou', 'given_name': None, 'family_name': None}, {'full_name': 'Nicolas Baptiste', 'given_name': None, 'family_name': None}, {'full_name': 'Sylvain Diaz', 'given_name': None, 'family_name': None}, {'full_name': 'Cyrielle Landrea', 'given_name': None, 'family_name': None}, {'full_name': 'Magdeleine Clo', 'given_name': None, 'family_name': None}, {'full_name': 'Chiara Rubessi', 'given_name': None, 'family_name': None}, {'full_name': 'Cécile Ramirez Ramirez Cifola', 'given_name': None, 'family_name': None}, {'full_name': 'Ioana Pele', 'given_name': None, 'family_name': None}, {'full_name': 'Maria Rosaria Baldassarre', 'given_name': None, 'family_name': None}, {'full_name': 'Manuela Spinelli', 'given_name': None, 'family_name': None}, {'full_name': 'Thierry Drumm', 'given_name': None, 'family_name': None}, {'full_name': 'Anca Călin', 'given_name': None, 'family_name': None}, {'full_name': 'Salvatore Grandone', 'given_name': None, 'family_name': None}, {'full_name': 'Eleonora Montagner', 'given_name': None, 'family_name': None}, {'full_name': 'Michael Kohlhauer', 'given_name': None, 'family_name': None}]","2015","","","","OUV","[]","https://univ-smb.hal.science/hal-01228083v1","","HAL","","0","Needs Review","[{'full_name': 'Raluca Batranu', 'given_name': None, 'family_name': None}, {'full_name': 'Elisa Borghino', 'given_name': None, 'family_name': None}, {'full_name': 'Isabelle Patroix', 'given_name': None, 'family_name': None}, {'full_name': 'Jean-Pol Madou', 'given_name': None, 'family_name': None}, {'full_name': 'Nicolas Baptiste', 'given_name': None, 'family_name': None}, {'full_name': 'Sylvain Diaz', 'given_name': None, 'family_name': None}, {'full_name': 'Cyrielle Landrea', 'given_name': None, 'family_name': None}, {'full_name': 'Magdeleine Clo', 'given_name': None, 'family_name': None}, {'full_name': 'Chiara Rubessi', 'given_name': None, 'family_name': None}, {'full_name': 'Cécile Ramirez Ramirez Cifola', 'given_name': None, 'family_name': None}, {'full_name': 'Ioana Pele', 'given_name': None, 'family_name': None}, {'full_name': 'Maria Rosaria Baldassarre', 'given_name': None, 'family_name': None}, {'full_name': 'Manuela Spinelli', 'given_name': None, 'family_name': None}, {'full_name': 'Thierry Drumm', 'given_name': None, 'family_name': None}, {'full_name': 'Anca Călin', 'given_name': None, 'family_name': None}, {'full_name': 'Salvatore Grandone', 'given_name': None, 'family_name': None}, {'full_name': 'Eleonora Montagner', 'given_name': None, 'family_name': None}, {'full_name': 'Michael Kohlhauer', 'given_name': None, 'family_name': None}]"
"","L'imaginaire"": naissance, diffusion et métamorphoses d'un concept critique.","[{'full_name': 'Claude Pierre Perez', 'given_name': None, 'family_name': None}]","2014","","Littérature","","ART","[]","https://hal.science/hal-01767118v1","","HAL","","0","Needs Review","[{'full_name': 'Claude Pierre Perez', 'given_name': None, 'family_name': None}]"
"10.2307/j.ctt13x07wd.18","INDEX","","2014","","The Imperative to Write","Fordham University Press","book-chapter","[]","https://doi.org/10.2307/j.ctt13x07wd.18","","Crossref","{'is-identical-to': [{'id-type': 'doi', 'id': '10.1515/9780823254712-016', 'asserted-by': 'object'}]}","1","Core",""
"","The Text as Cadaver","[{'full_name': 'Katherine Doig', 'given_name': None, 'family_name': None}]","2014","","","","COUV","[]","https://hal.science/hal-04479599v1","","HAL","","0","Needs Review","[{'full_name': 'Katherine Doig', 'given_name': None, 'family_name': None}]"
"","À partir de quels modèles Nancy et Blanchot comprennent-ils la communauté ?","[{'full_name': 'Jonathan Degenève', 'given_name': None, 'family_name': None}]","2014","","Cahiers Maurice Blanchot","","ART","[]","https://hal.science/hal-01451238v1","","HAL","","3","Core","[{'full_name': 'Jonathan Degenève', 'given_name': None, 'family_name': None}]"
"","La Nuit juste avant les forêts. Au nom de mama","[{'full_name': 'Arnaud Maisetti', 'given_name': None, 'family_name': None}]","2014","","","","COUV","[]","https://shs.hal.science/halshs-02343474v1","","HAL","","0","Needs Review","[{'full_name': 'Arnaud Maisetti', 'given_name': None, 'family_name': None}]"
"10.2307/j.ctt13x07wd.16","NOTES","","2014","","The Imperative to Write","Fordham University Press","book-chapter","[]","https://doi.org/10.2307/j.ctt13x07wd.16","","Crossref","{'is-identical-to': [{'id-type': 'doi', 'id': '10.1515/9780823254712-014', 'asserted-by': 'object'}]}","1","Core",""
"10.2307/j.ctt13x07wd.17","BIBLIOGRAPHY","","2014","","The Imperative to Write","Fordham University Press","book-chapter","[]","https://doi.org/10.2307/j.ctt13x07wd.17","","Crossref","{'is-identical-to': [{'id-type': 'doi', 'id': '10.1515/9780823254712-015', 'asserted-by': 'object'}]}","1","Core",""
"","Distorsions verbales et mobilisations littéraires","[{'full_name': 'Catherine Brun', 'given_name': None, 'family_name': None}]","2014","","","","COUV","[]","https://hal.science/hal-01402625v1","","HAL","","0","Needs Review","[{'full_name': 'Catherine Brun', 'given_name': None, 'family_name': None}]"
"10.2307/j.ctt13x07wd.15","CONCLUSION:","","2014","","The Imperative to Write","Fordham University Press","book-chapter","[]","https://doi.org/10.2307/j.ctt13x07wd.15","","Crossref","{'is-identical-to': [{'id-type': 'doi', 'id': '10.1515/9780823254712-013', 'asserted-by': 'object'}]}","1","Core",""
"","Derrida, Blanchot, Starobinski : d’une violence constitutive de la critique ?","[{'full_name': 'Jérémie Majorel', 'given_name': None, 'family_name': None}]","2014","","","","COUV","[]","https://hal.univ-lyon2.fr/hal-01944754v1","","HAL","","5","Core","[{'full_name': 'Jérémie Majorel', 'given_name': None, 'family_name': None}]"
"","Cahiers Maurice Blanchot","[{'full_name': 'Jérémie Majorel', 'given_name': None, 'family_name': None}, {'full_name': 'Bident Christophe', 'given_name': None, 'family_name': None}, {'full_name': 'Parham Shahrjerdi', 'given_name': None, 'family_name': None}]","2014","","","","OUV","[]","https://hal.univ-lyon2.fr/hal-01942569v1","","HAL","","5","Core","[{'full_name': 'Jérémie Majorel', 'given_name': None, 'family_name': None}, {'full_name': 'Bident Christophe', 'given_name': None, 'family_name': None}, {'full_name': 'Parham Shahrjerdi', 'given_name': None, 'family_name': None}]"
"","Folie en langage : une lecture de l'""Histoire de la folie"" de M. Foucault dans l'écho de M. Blanchot","[{'full_name': 'Emmanuel Gripay', 'given_name': None, 'family_name': None}]","2014","","","","THESE","[]","https://theses.hal.science/tel-01128731v1","","HAL","","3","Core","[{'full_name': 'Emmanuel Gripay', 'given_name': None, 'family_name': None}]"
"","Blanchot","[{'full_name': 'Dominique Rabaté', 'given_name': None, 'family_name': None}]","2014","","","","OUV","[]","https://shs.hal.science/halshs-01456935v1","","HAL","","3","Core","[{'full_name': 'Dominique Rabaté', 'given_name': None, 'family_name': None}]"
"10.2307/j.ctt13x07wd","The Imperative to Write","JEFF FORT","2014","","","Fordham University Press","monograph","[]","https://doi.org/10.2307/j.ctt13x07wd","","Crossref","{'is-identical-to': [{'id-type': 'doi', 'id': '10.1515/9780823254712', 'asserted-by': 'object'}]}","1","Core","JEFF FORT"
"10.1515/9780823254712","The Imperative to Write","Jeff Fort","2014","","","Fordham University Press","monograph","[]","https://doi.org/10.1515/9780823254712","","Crossref","{'is-identical-to': [{'id-type': 'doi', 'id': '10.2307/j.ctt13x07wd', 'asserted-by': 'subject'}]}","1","Core","Jeff Fort"
"","Maurice Blanchot entre roman et récit","[{'full_name': 'Éric Hoppenot', 'given_name': None, 'family_name': None}, {'full_name': 'Alain Milon', 'given_name': None, 'family_name': None}]","2013","","","","OUV","[]","https://hal.science/hal-02101367v1","","HAL","","5","Core","[{'full_name': 'Éric Hoppenot', 'given_name': None, 'family_name': None}, {'full_name': 'Alain Milon', 'given_name': None, 'family_name': None}]"
"","Reconvocations, effacements, résistances de la figure","[{'full_name': 'Anne Favier', 'given_name': None, 'family_name': None}]","2013","","","","THESE","[]","https://theses.hal.science/tel-01011402v1","","HAL","","0","Needs Review","[{'full_name': 'Anne Favier', 'given_name': None, 'family_name': None}]"
"","Comment mesurer la performance des alliances stratégiques internationales ? Application aux industries agroalimentaires en Afrique de l’Ouest","[{'full_name': 'Abdoulaye Camara', 'given_name': None, 'family_name': None}, {'full_name': 'Foued Cheriet', 'given_name': None, 'family_name': None}, {'full_name': 'Fatiha Fort', 'given_name': None, 'family_name': None}]","2013","","","","UNDEFINED","[]","https://hal.science/hal-01594280v1","","HAL","","0","Needs Review","[{'full_name': 'Abdoulaye Camara', 'given_name': None, 'family_name': None}, {'full_name': 'Foued Cheriet', 'given_name': None, 'family_name': None}, {'full_name': 'Fatiha Fort', 'given_name': None, 'family_name': None}]"
"10.2307/j.ctt13x07vw.9","In Lieu of a Last Word:","","2013","","Committing the Future to Memory","Fordham University Press","book-chapter","[]","https://doi.org/10.2307/j.ctt13x07vw.9","","Crossref","{'is-identical-to': [{'id-type': 'doi', 'id': '10.1515/9780823254231-007', 'asserted-by': 'object'}]}","1","Core",""
"","Françoise Collin : The permanent revolution of an irregular thinking","[{'full_name': 'Mara Montanaro', 'given_name': None, 'family_name': None}]","2013","","","","THESE","[]","https://theses.hal.science/tel-00974109v1","","HAL","","0","Needs Review","[{'full_name': 'Mara Montanaro', 'given_name': None, 'family_name': None}]"
"","Maurice Blanchot, déserter le mythe","[{'full_name': 'Claire Nioche-sibony', 'given_name': None, 'family_name': None}]","2013","","Topique : La psychanalyse aujourd'hui [Revue freudienne]","","ART","[]","https://sorbonne-paris-nord.hal.science/hal-03873837v1","","HAL","","3","Core","[{'full_name': 'Claire Nioche-sibony', 'given_name': None, 'family_name': None}]"
"","Leadership : the madness of the day by Maurice Blanchot","[{'full_name': 'Hugo Letiche', 'given_name': None, 'family_name': None}, {'full_name': 'Jean-Luc Moriceau', 'given_name': None, 'family_name': None}]","2013","","","","COUV","[]","https://hal.science/hal-02401994v1","","HAL","","3","Core","[{'full_name': 'Hugo Letiche', 'given_name': None, 'family_name': None}, {'full_name': 'Jean-Luc Moriceau', 'given_name': None, 'family_name': None}]"
"","Maurice Blanchot","[{'full_name': 'Roger-Michel Allemand', 'given_name': None, 'family_name': None}]","2012","","","","NOTICE","[]","https://hal.science/hal-04692332v1","","HAL","","3","Core","[{'full_name': 'Roger-Michel Allemand', 'given_name': None, 'family_name': None}]"
"","Paroles d’attente – Les modalités du fragmentaire dans L’Attente l’oubli de Maurice Blanchot","[{'full_name': 'Anna Balint', 'given_name': None, 'family_name': None}]","2012","","Loxias","","ART","[]","https://hal.science/hal-04529261v1","","HAL","","3","Core","[{'full_name': 'Anna Balint', 'given_name': None, 'family_name': None}]"
"","Cartes incertaines","[{'full_name': 'Alain Milon', 'given_name': None, 'family_name': None}]","2012","","","","OUV","[]","https://hal.science/hal-01796461v1","","HAL","","2","Core","[{'full_name': 'Alain Milon', 'given_name': None, 'family_name': None}]"
"","Pensée de l’image et théorie de la représentation chez Maurice Blanchot : à partir de L’Espace Littéraire","[{'full_name': 'Alice Delmotte-Halter', 'given_name': None, 'family_name': None}]","2012","","La Revue des ressources.org","","ART","[]","https://hal.univ-lorraine.fr/hal-01382644v1","","HAL","","3","Core","[{'full_name': 'Alice Delmotte-Halter', 'given_name': None, 'family_name': None}]"
"","Actes des journées d’études Antonin Artaud, Samuel Beckett, Maurice Blanchot","[{'full_name': 'Sarah Clément', 'given_name': None, 'family_name': None}]","2012","","","","OUV","[]","https://hal.parisnanterre.fr/hal-01627861v1","","HAL","","3","Core","[{'full_name': 'Sarah Clément', 'given_name': None, 'family_name': None}]"
"","cinq articles : ""Structuralisme; Défiguration; Deleuze ; Blanchot ; Lectures psychanalytiques"",","[{'full_name': 'Evelyne Grossman', 'given_name': None, 'family_name': None}]","2011","","","","COUV","[]","https://hal.science/hal-00699272v1","","HAL","","3","Core","[{'full_name': 'Evelyne Grossman', 'given_name': None, 'family_name': None}]"
"","Blanchot et la phénoménologie","[{'full_name': 'Jérôme de Gramont', 'given_name': None, 'family_name': None}]","2011","","","","OUV","[]","https://hal.science/hal-04623993v1","","HAL","","3","Core","[{'full_name': 'Jérôme de Gramont', 'given_name': None, 'family_name': None}]"
"","Mangogul 'odysséen' dans Les Bijoux indiscrets de Diderot : le découvreur et le poète","[{'full_name': 'Odile Richard-Pauchet', 'given_name': None, 'family_name': None}]","2011","","Recherches sur Diderot et sur l'Encyclopédie","","ART","[]","https://unilim.hal.science/hal-00957026v1","","HAL","","2","Core","[{'full_name': 'Odile Richard-Pauchet', 'given_name': None, 'family_name': None}]"
"","Structuralisme; Défiguration; Deleuze ; Blanchot ; Lectures psychanalytiques","[{'full_name': 'Evelyne Grossman', 'given_name': None, 'family_name': None}]","2011","","","","OTHER","[]","https://hal.science/hal-00696689v1","","HAL","","3","Core","[{'full_name': 'Evelyne Grossman', 'given_name': None, 'family_name': None}]"
"","L’utopie de l’amitié. Notes sur l’amitié Blanchot-Bataille","[{'full_name': 'Axel Gasquet', 'given_name': None, 'family_name': None}]","2011","","","","COUV","[]","https://shs.hal.science/halshs-01177940v1","","HAL","","3","Core","[{'full_name': 'Axel Gasquet', 'given_name': None, 'family_name': None}]"
"","Allégories de la souveraineté : politique et littérature, à partir de Maurice Blanchot","[{'full_name': 'Peter Murvai', 'given_name': None, 'family_name': None}]","2011","","","","THESE","[]","https://theses.hal.science/tel-00691689v1","","HAL","","3","Core","[{'full_name': 'Peter Murvai', 'given_name': None, 'family_name': None}]"
"","Le devenir d’un concept. Remarques sur « Résurrection de Blanchot » de Jean-Luc Nancy","[{'full_name': 'Ioulia Podoroga', 'given_name': None, 'family_name': None}]","2011","","ThéoRèmes : Enjeux des approches empiriques des religions","","ART","[]","https://hal.science/hal-01411013v1","","HAL","","3","Core","[{'full_name': 'Ioulia Podoroga', 'given_name': None, 'family_name': None}]"
"","L’espace en littérature : une structure “en tension”","[{'full_name': 'Tania Collani', 'given_name': None, 'family_name': None}]","2010","","","","COUV","[]","https://hal.science/hal-02434256v1","","HAL","","0","Needs Review","[{'full_name': 'Tania Collani', 'given_name': None, 'family_name': None}]"
"","Les grandes notions littéraires","[{'full_name': 'Joël Loehr', 'given_name': None, 'family_name': None}]","2010","","","","OUV","[]","https://ube.hal.science/hal-01292273v1","","HAL","","0","Needs Review","[{'full_name': 'Joël Loehr', 'given_name': None, 'family_name': None}]"
"","L'absolu entre transgression et ambiguïté dans la réflexion de Blanchot sur la littérature","[{'full_name': 'Enzo Neppi', 'given_name': None, 'family_name': None}]","2010","","","","COUV","[]","https://hal.science/hal-01068175v1","","HAL","","3","Core","[{'full_name': 'Enzo Neppi', 'given_name': None, 'family_name': None}]"
"","Maurice Blanchot et la philosophie","[{'full_name': 'Éric Hoppenot', 'given_name': None, 'family_name': None}, {'full_name': 'Alain Milon', 'given_name': None, 'family_name': None}]","2010","","","","OUV","[]","https://hal.science/hal-02101359v1","","HAL","","5","Core","[{'full_name': 'Éric Hoppenot', 'given_name': None, 'family_name': None}, {'full_name': 'Alain Milon', 'given_name': None, 'family_name': None}]"
"","Maurice Blanchot : l'excès par défaut","[{'full_name': 'Laurent Mattiussi', 'given_name': None, 'family_name': None}]","2009","","","","COUV","[]","https://univ-lyon3.hal.science/hal-00945354v1","","HAL","","3","Core","[{'full_name': 'Laurent Mattiussi', 'given_name': None, 'family_name': None}]"
"","Maurice Blanchot, Roland Barthes, une ancienne conversation","[{'full_name': 'Eric Marty', 'given_name': None, 'family_name': None}]","2009","","Les Temps Modernes","","ART","[]","https://hal.science/hal-00699283v1","","HAL","","3","Core","[{'full_name': 'Eric Marty', 'given_name': None, 'family_name': None}]"
"","Von Dante zu Derrida. Kabbala und Literaturtheorie","[{'full_name': 'Till Kuhnle', 'given_name': None, 'family_name': None}]","2009","","","","COUV","[]","https://unilim.hal.science/hal-00922945v1","","HAL","","0","Needs Review","[{'full_name': 'Till Kuhnle', 'given_name': None, 'family_name': None}]"
"","Le spectre des images","[{'full_name': 'Sylvie Rollet', 'given_name': None, 'family_name': None}]","2009","","CinémAction","","ART","[]","https://hal.science/hal-02735634v1","","HAL","","0","Needs Review","[{'full_name': 'Sylvie Rollet', 'given_name': None, 'family_name': None}]"
"","Shareholder accountability : the unknown ideal","[{'full_name': 'Geoffrey Lightfoot', 'given_name': None, 'family_name': None}, {'full_name': 'Jean-Luc Moriceau', 'given_name': None, 'family_name': None}]","2009","","","","COMM","[]","https://hal.science/hal-00441464v1","","HAL","","0","Needs Review","[{'full_name': 'Geoffrey Lightfoot', 'given_name': None, 'family_name': None}, {'full_name': 'Jean-Luc Moriceau', 'given_name': None, 'family_name': None}]"
"10.2307/j.ctt14bs028.11","The Name God in Blanchot","","2009","","Dis-Enclosure","Fordham University Press","book-chapter","[]","https://doi.org/10.2307/j.ctt14bs028.11","","Crossref","{'is-identical-to': [{'id-type': 'doi', 'id': '10.1515/9780823237579-009', 'asserted-by': 'object'}]}","4","Core",""
"","L'angoisse de penser","[{'full_name': 'Evelyne Grossman', 'given_name': None, 'family_name': None}]","2008","","","","OUV","[]","https://hal.science/hal-00696967v1","","HAL","","0","Needs Review","[{'full_name': 'Evelyne Grossman', 'given_name': None, 'family_name': None}]"
"","Simone Weil et le poétique","[{'full_name': 'Jérôme Thélot', 'given_name': None, 'family_name': None}]","2007","","","","OUV","[]","https://univ-lyon3.hal.science/hal-00941620v1","","HAL","","0","Needs Review","[{'full_name': 'Jérôme Thélot', 'given_name': None, 'family_name': None}]"
"","Les anagrammes de Blanchot","[{'full_name': 'Evelyne Grossman', 'given_name': None, 'family_name': None}]","2007","","Europe","","ART","[]","https://hal.science/hal-00696942v1","","HAL","","3","Core","[{'full_name': 'Evelyne Grossman', 'given_name': None, 'family_name': None}]"
"","Maurice Blanchot, numéro spécial","[{'full_name': 'Evelyne Grossman', 'given_name': None, 'family_name': None}]","2007","","","","OUV","[]","https://hal.science/hal-00698661v1","","HAL","","3","Core","[{'full_name': 'Evelyne Grossman', 'given_name': None, 'family_name': None}]"
"","Blanchot le Héros","[{'full_name': 'Evelyne Grossman', 'given_name': None, 'family_name': None}]","2007","","Europe","","ART","[]","https://hal.science/hal-00696933v1","","HAL","","3","Core","[{'full_name': 'Evelyne Grossman', 'given_name': None, 'family_name': None}]"
"","W.B. ./M.B: DU FRAGMENT ET DU PHILOSOPHIQUE - LE SINGULIER, LE PRESENT, L'EVENEMENT.","[{'full_name': 'Kader Mokaddem', 'given_name': None, 'family_name': None}]","2007","","","","COMM","[]","https://hal.science/hal-00927266v1","","HAL","","0","Needs Review","[{'full_name': 'Kader Mokaddem', 'given_name': None, 'family_name': None}]"
"","« La fabrication de l'écriture à l'épreuve du temps »","[{'full_name': 'Alain Milon', 'given_name': None, 'family_name': None}]","2007","","","","COUV","[]","https://shs.hal.science/halshs-00151250v1","","HAL","","2","Core","[{'full_name': 'Alain Milon', 'given_name': None, 'family_name': None}]"
"","Le Livre et ses espaces","[{'full_name': 'Alain Milon', 'given_name': None, 'family_name': None}, {'full_name': 'Marc Perelman', 'given_name': None, 'family_name': None}]","2007","","","","OUV","[]","https://hal.science/hal-02101454v1","","HAL","","2","Core","[{'full_name': 'Alain Milon', 'given_name': None, 'family_name': None}, {'full_name': 'Marc Perelman', 'given_name': None, 'family_name': None}]"
"","L'anthropologie négative des écrivains","[{'full_name': 'Laurent Mattiussi', 'given_name': None, 'family_name': None}]","2007","","","","COUV","[]","https://univ-lyon3.hal.science/hal-00945839v1","","HAL","","0","Needs Review","[{'full_name': 'Laurent Mattiussi', 'given_name': None, 'family_name': None}]"
"","Ecrire pour n'avoir plus de visage. Effacement et dédoublement dans l'écriture de Michel Foucault","[{'full_name': 'Philippe Sabot', 'given_name': None, 'family_name': None}]","2007","","","","COUV","[]","https://shs.hal.science/halshs-00196117v1","","HAL","","0","Needs Review","[{'full_name': 'Philippe Sabot', 'given_name': None, 'family_name': None}]"
"","Désigner l'impensable : Simone Weil et Maurice Blanchot","[{'full_name': 'Laurent Mattiussi', 'given_name': None, 'family_name': None}]","2007","","","","COUV","[]","https://univ-lyon3.hal.science/hal-00945791v1","","HAL","","3","Core","[{'full_name': 'Laurent Mattiussi', 'given_name': None, 'family_name': None}]"
"","Image imaginaire dans l'oeuvre de Maurice Blanchot","[{'full_name': 'Kader Mokaddem', 'given_name': None, 'family_name': None}]","2007","","","","COMM","[]","https://hal.science/hal-00927268v1","","HAL","","3","Core","[{'full_name': 'Kader Mokaddem', 'given_name': None, 'family_name': None}]"
"","Emmanuel Levinas Maurice Blanchot : penser la différence","[{'full_name': 'Éric Hoppenot', 'given_name': None, 'family_name': None}, {'full_name': 'Alain Milon', 'given_name': None, 'family_name': None}]","2007","","","","OUV","[]","https://hal.science/hal-02101351v1","","HAL","","5","Core","[{'full_name': 'Éric Hoppenot', 'given_name': None, 'family_name': None}, {'full_name': 'Alain Milon', 'given_name': None, 'family_name': None}]"
"","Lautréamont et l’hybridation générique dans Les Chants de Maldoror : dévorations, aberrations et tératologies","[{'full_name': 'Mathias Kusnierz', 'given_name': None, 'family_name': None}]","2006","","Loxias","","ART","[]","https://hal.science/hal-04554689v1","","HAL","","0","Needs Review","[{'full_name': 'Mathias Kusnierz', 'given_name': None, 'family_name': None}]"
"","Lasers et Technologies Femtosecondes","[{'full_name': 'Marc Sentis', 'given_name': None, 'family_name': None}, {'full_name': 'Olivier Uteza', 'given_name': None, 'family_name': None}, {'full_name': 'Stéphane Mottin', 'given_name': None, 'family_name': None}]","2005","","","","OUV","[]","https://hal.science/hal-01500944v1","","HAL","","0","Needs Review","[{'full_name': 'Marc Sentis', 'given_name': None, 'family_name': None}, {'full_name': 'Olivier Uteza', 'given_name': None, 'family_name': None}, {'full_name': 'Stéphane Mottin', 'given_name': None, 'family_name': None}]"
"","L’oeuvre comme possibilité. Pour une étude comparée de la littérature négative","[{'full_name': 'Marcos Eymar', 'given_name': None, 'family_name': None}]","2005","","Trans : Revue de Littérature Générale et Comparée","","ART","[]","https://shs.hal.science/halshs-01821727v1","","HAL","","0","Needs Review","[{'full_name': 'Marcos Eymar', 'given_name': None, 'family_name': None}]"
"","Question de genre","[{'full_name': 'Catherine Soulier', 'given_name': None, 'family_name': None}, {'full_name': 'Renée Ventresque', 'given_name': None, 'family_name': None}]","2003","","","","OUV","[]","https://hal.science/hal-03329512v1","","HAL","","0","Needs Review","[{'full_name': 'Catherine Soulier', 'given_name': None, 'family_name': None}, {'full_name': 'Renée Ventresque', 'given_name': None, 'family_name': None}]"
"","Georges Bataille : la perte, le don et l'écriture","[{'full_name': 'Koichiro Hamano', 'given_name': None, 'family_name': None}]","2003","","","","THESE","[]","https://hal.univ-lorraine.fr/tel-01776096v1","","HAL","","0","Needs Review","[{'full_name': 'Koichiro Hamano', 'given_name': None, 'family_name': None}]"
"","L'Être et le neutre. A partir de Maurice Blanchot","[{'full_name': 'Jérôme de Gramont', 'given_name': None, 'family_name': None}]","2002","","Philosophie","","ART","[]","https://hal.science/hal-04624055v1","","HAL","","3","Core","[{'full_name': 'Jérôme de Gramont', 'given_name': None, 'family_name': None}]"
"","« Blanchot, Maurice », p. 111-112","[{'full_name': 'Roger-Michel Allemand', 'given_name': None, 'family_name': None}]","2002","","","","NOTICE","[]","https://hal.science/hal-03293183v1","","HAL","","3","Core","[{'full_name': 'Roger-Michel Allemand', 'given_name': None, 'family_name': None}]"
"","Les Éditions de Minuit, 1942-1955 : le devoir d'insoumission","[{'full_name': 'Anne Simonin', 'given_name': None, 'family_name': None}]","2002","","","","OUV","[]","https://hal.science/hal-00008522v1","","HAL","","0","Needs Review","[{'full_name': 'Anne Simonin', 'given_name': None, 'family_name': None}]"
"","Le nom de Critique","[{'full_name': 'Sylvie Patron', 'given_name': None, 'family_name': None}]","2001","","","","COUV","[]","https://hal.science/hal-00698671v1","","HAL","","0","Needs Review","[{'full_name': 'Sylvie Patron', 'given_name': None, 'family_name': None}]"
"","Internet y transgresion","[{'full_name': 'Yannick Maignien', 'given_name': None, 'family_name': None}]","2001","","Lineas de Fuga revista trimestral de literatura internacional","","ART","[]","https://archivesic.ccsd.cnrs.fr/sic_00000305v1","","HAL","","0","Needs Review","[{'full_name': 'Yannick Maignien', 'given_name': None, 'family_name': None}]"
"","Aux marges de la prose : Loti, Le Désert (1895)","[{'full_name': 'Véronique Magri-Mourgues', 'given_name': None, 'family_name': None}]","2000","","Travaux de littérature","","ART","[]","https://hal.science/hal-01226323v1","","HAL","","0","Needs Review","[{'full_name': 'Véronique Magri-Mourgues', 'given_name': None, 'family_name': None}]"
"","Cartes Blanches","[{'full_name': 'Renée Ventresque', 'given_name': None, 'family_name': None}]","2000","","","","OUV","[]","https://hal.science/hal-03260752v1","","HAL","","0","Needs Review","[{'full_name': 'Renée Ventresque', 'given_name': None, 'family_name': None}]"
"","Critique (1946-1996)","[{'full_name': 'Sylvie Patron', 'given_name': None, 'family_name': None}]","1999","","","","OUV","[]","https://hal.science/hal-00698710v1","","HAL","","0","Needs Review","[{'full_name': 'Sylvie Patron', 'given_name': None, 'family_name': None}]"
